2024/2025 Semester 1 Final Teaching Timetable,,,,,
,,,,,
BIUST - AUDITORIUM,,,,,
2024/2025 Semester 1 Final Teaching Timetable,,,,,
,Monday,Tuesday,Wednesday,Thursday,Friday
0800-0850,MATH 101 Lecture ENGINEERING,MATH 101 LECTURE SCIENCE,CHEM 101 LECTURE ENGINEERING,CETG 111 LECTURE,
0900-0950,,,,,CHEM 101 Lecture ENGINEERING
1000-1050,CHEM 205 Lecture,PHYS 101 LECTURE ENGINEERING,MATH 101 LECTURE ENGINEERING,MATH 101 Lecture SCIENCE,MMEE 210 LECTURE
1100-1150,BIOL 101 LECTURE,,,,
1200-1250,EEEN 211 LECTURE,COMP 101 ENGINEERING,PHYS 101 LECTURE SCIENCE,EEEN 211 LECTURE,GEOL 201 LECTURE
1300-1350,,,,,
1400-1450,CHEM 101 LECTURE SCIENCE,EMTH 201 LECTURE,COMP 101 SCIENCE,PHYS 101 Lecture ENGINEERING,EMTH 301 LECTURE
1500-1550,,,,BIOL 101 LECTURE,
1600-1650,COMP 211 LECTURE,BIOL 101 TUTORIAL EARTH,MECE 211 LECTURE,CHEM 101 Lecture SCIENCE,EMTH 201 Lecture
1700-1750,,EMTH 301 LECTURE,,EMTH 301 LECTURE,PHYS 101 Lecture SCIENCE
1800-1850,,,,,
1900-1950,,,,,
BIUST - PHYSICS SEMINAR ROOM,,,,,
2024/2025 Semester 1 Final Teaching Timetable,,,,,
,Monday,Tuesday,Wednesday,Thursday,Friday
0800-0850,MATH 101 Lecture ENGINEERING,MATH 101 LECTURE SCIENCE,CHEM 101 LECTURE ENGINEERING,CETG 111 LECTURE,STAT 601 TUT
0900-0950,,,,,CHEM 101 Lecture ENGINEERING
1000-1050,MATH 411 Lecture,PHYS 101 LECTURE ENGINEERING,MATH 101 LECTURE ENGINEERING,MATH 101 Lecture SCIENCE,STAT 613 LECTURE
1100-1150,BIOL 101 LECTURE,,,,
1200-1250,EEEN 211 LECTURE,COMP 101 ENGINEERING,PHYS 101 LECTURE SCIENCE,EEEN 211 LECTURE,GEOL 201 LECTURE
1300-1350,,,,,
1400-1450,CHEM 101 LECTURE SCIENCE,EMTH 201 LECTURE,COMP 101 SCIENCE,FRSC 401 LECTURE,EMTH 301 LECTURE
1500-1550,,,,BIOL 101 LECTURE,
1600-1650,COMP 211 LECTURE,BIOL 101 TUTORIAL PA CHEM,MECE 211 LECTURE,CHEM 101 Lecture SCIENCE,EMTH 201 Lecture
1700-1750,,EMTH 301 LECTURE,,EMTH 301 LECTURE,PHYS 101 Lecture SCIENCE
1800-1850,,,,,
1900-1950,,,,,
BIUST - BIOLOGY SEMINAR ROOM,,,,,
2024/2025 Semester 1 Final Teaching Timetable,,,,,
,Monday,Tuesday,Wednesday,Thursday,Friday
0800-0850,MMEE 522 LECTURE,MMEE 210 TUT MINING,GEOL 601 LECTURE,CIVE 517 TUTORIAL,
0900-0950,,STAT 304 Lecture,,MATH 101 TUT FORENSIC,COMP 231 LECTURE
1000-1050,ALSS 201 Lecture Group F,CHEM 306 TUT,ALSS 201 Tutorial Group F,INFS 222 LECTURE,
1100-1150,GEME 512 TUTORIAL,FRSC 403 LECTURE,MATH 401 LECTURE,,ALSS 101 Lecture Group E
1200-1250,GEOL 613 LECTURE,MATH 405 LECTURE,PHYS 301 LECTURE,STAT 601 LECTURE,BIOL 313 LECTURE
1300-1350,BIOL 402 Tutorial,ENVS 6102 LECTURE,,PHYS 301 Lecture,
1400-1450,COMP 201 LECTURE,,,CMME 511 LECTURE,MMEE 415 TUT
1500-1550,,EEEN 413 TUTORIAL,GLEN 311 TUT,,
1600-1650,GLEN 416 LECTURE,INFS 222 TUTORIAL,GEOL 611 LECTURE,CHEE 412 LECTURE,MATH 405 TUTORIAL
1700-1750,,,ENVS 6104 TUT,,MATH 409 TUTORIAL
1800-1850,,,,,
1900-1950,,,,,
BIUST - ENVIRONMENTAL SCIENCES SEMINAR ROOM,,,,,
2024/2025 Semester 1 Final Teaching Timetable,,,,,
,Monday,Tuesday,Wednesday,Thursday,Friday
0800-0850,MATH 101 Lecture ENGINEERING,MATH 101 LECTURE SCIENCE,CHEM 101 LECTURE ENGINEERING,CETG 111 LECTURE,MATH 412 Lecture
0900-0950,,,,,CHEM 101 Lecture ENGINEERING
1000-1050,MECE 312 Tutorial CHEMICAL,PHYS 101 LECTURE ENGINEERING,MATH 101 LECTURE ENGINEERING,MATH 101 Lecture SCIENCE,MATH 101 TUT COMPUTER SC
1100-1150,BIOL 101 LECTURE,,,,ENVS 6103 TUT
1200-1250,EEEN 211 LECTURE,COMP 101 ENGINEERING,PHYS 101 LECTURE SCIENCE,EEEN 211 LECTURE,GEOL 201 LECTURE
1300-1350,,,,,
1400-1450,CHEM 101 LECTURE SCIENCE,EMTH 201 LECTURE,COMP 101 SCIENCE,MATH 101 TUT GEOL,EMTH 301 LECTURE
1500-1550,,,,BIOL 101 LECTURE,
1600-1650,COMP 211 LECTURE,BIOL 405 Tutorial,MECE 211 LECTURE,CHEM 101 Lecture SCIENCE,EMTH 201 Lecture
1700-1750,,EMTH 301 LECTURE,,EMTH 301 LECTURE,PHYS 101 Lecture SCIENCE
1800-1850,,,,,
1900-1950,,,,,
BIUST - 114/001-002,,,,,
2024/2025 Semester 1 Final Teaching Timetable,,,,,
,Monday,Tuesday,Wednesday,Thursday,Friday
0800-0850,CHEE 311 Tutorial,ALSS 201 Lecture Group D,STAT 309 LECTURE,CHEM 101 TUTORIAL GROUP C,ALSS 101 Tutorial Group C
0900-0950,ALSS 101 Lecture Group D,GEOL 301 LECTURE,ALSS 301 LECTURE GROUP 3,BIOL 101 TUTORIAL STATISTICS,GEOL 615 TUT
1000-1050,GEOL 623 LECTURE,,GEOL 601 TUT,CIVE 514 TUTORIAL,CHEM 307 LECTURE
1100-1150,,CHEM 205 LECTURE,CHEE 412 Tutorial,MATH 412 LECTURE,GEOL 201 TUTORIAL SCIENCE GROUPS
1200-1250,CMME 510 LECTURE,,MATH 302 LECTURE,,FRSC 301 LECTURE
1300-1350,,MINE 511 TUTORIAL,,GEOL 621 LECTURE,ALSS 101 Lecture Group G
1400-1450,GLEN 222 TUTORIAL,MINE 414 LECTURE,ALSS 201 Lecture Group C,,ENVS 6102 TUT
1500-1550,CIVE 315 LECTURE,ALSS 301 LECTURE GROUP 1,FRSC 403 LECTURE,MECE 511 LECTURE,"GEME 411 TUTORIAL IND, MATERIALS, MINING"
1600-1650,,MATH 307 LECTURE,ENVS 201 TUTORIAL,,ALSS 101 Tutorial Group E
1700-1750,ALSS 101 Lecture Group F,,MATH 101 TUT PA MATHS,GEOL 601 LECTURE,ALSS 201 Lecture Group E
1800-1850,,,,,
1900-1950,,,,,
BIUST - 114/003-004,,,,,
2024/2025 Semester 1 Final Teaching Timetable,,,,,
,Monday,Tuesday,Wednesday,Thursday,Friday
0800-0850,ALSS 101 Tutorial Group A,CTEN 511/MINS 511 TUTORIAL,CHEE 312 LECTURE,PHYS 305 Lecture,ALSS 201 Tutorial Group H
0900-0950,EMTH 201 TUTORIAL GROUP K,MMEE 411 LECTURE,,CIVE 415 TUTORIAL,CIVE 314 LECTURE
1000-1050,MECE 311 TUTORIAL MINING & GEOLOGICAL,,ALSS 301 LECTURE GROUP 4,MATH 101 TUT MECHANICAL,
1100-1150,STAT 202 TUT PHYS,"GEME 313 LECTURE GEOL,INFO,PHYS,PA CHEM,MATHS,STAT",MATH 601 LECTURE,ALSS 101 Tutorial Group J,GEOL 613 TUT
1200-1250,GEME 416 LECTURE,,,MMEE 410 LECTURE,GEOL 611 LECTURE
1300-1350,,CHEE 310 Tutorial,MATH 201 LECTURE,CHEE 311 LECTURE,CTEN 415 TUTORIAL
1400-1450,BIOL 406 Tutorial,ALSS 101 Lecture Group H,CHEM 101 TUTORIAL GROUP J,,MATH 411 LECTURE
1500-1550,MATH 201 LECTURE,CIVE 312 LECTURE,ALSS 201 Lecture Group G,,
1600-1650,ALSS 301 LECTURE GROUP 2,,STAT 304 LECTURE,ALSS 301 LECTURE GROUP 4,MINE 415 Lecture
1700-1750,MMEE 310 TUT,EMTH 201 TUTORIAL GROUP G,,ALSS 101 Tutorial Group G,BIOL 403 Tutorial
1800-1850,,,,,
1900-1950,,,,,
BIUST - 114/005-006,,,,,
2024/2025 Semester 1 Final Teaching Timetable,,,,,
,Monday,Tuesday,Wednesday,Thursday,Friday
0800-0850,GEOL 307 TUT YEAR 4 GEOLOGICAL,ENVS 6104 Lecture,INFS 411 TUTORIAL,MMEE 210 TUT COMP & TELE,MATH 201 TUTORIAL
0900-0950,MMEE 310 LECTURE,PHYS 201 Lecture,,STAT 421 & STAT 603 TUT,ENVS 6104 LECTURE
1000-1050,,ALSS 101 Lecture Group B,GEOL 401 LECTURE,,
1100-1150,MMEE 413 TUT,CIVE 412 LECTURE,BIOL 204 Tutorial,COMP 431 LECTURE,CHEM 402 LECTURE
1200-1250,MATH 401 TUTORIAL,,ENVS 407 LECTURE,MATH 101 TUT CHEMICAL,BIOL 101 TUTORIAL INFORMATION SYS
1300-1350,STAT 301 TUT,GLEN 418 LECTURE,,COMP 401/INFS 401 LECTURE,
1400-1450,MINE 414 LECTURE,,INME 511 LECTURE,,EEEN 514 LECTURE
1500-1550,ALSS 301 TUTORIAL GROUP 2,ALSS 101 Tutorial Group F,,MATH 101 TUT MECHATRONICS,
1600-1650,EEEN 414 LECTURE,CTEN 512 LECTURE,CTEN 511/MINS 511 LECTURE,"GEME 414 LECTURE PHYS,PA CHEM,PA MATHS,STAT.EARTH,BIOL",MMEE 513 TUT
1700-1750,,,,,CHEM 405 LECTURE
1800-1850,,,,,
1900-1950,,,,,
BIUST - 122/001-002,,,,,
2024/2025 Semester 1 Final Teaching Timetable,,,,,
,Monday,Tuesday,Wednesday,Thursday,Friday
0800-0850,ALSS 301 TUTORIAL GROUP 3,COMP 441 LECTURE,COMP 302 LECTURE,MINS 311 LECTURE,CIVE 416 LECTURE
0900-0950,"GEME 411 LECTURE CHEM ENG,CIVIL,COMP&T,MECHANICAL",,,,
1000-1050,,BIOL 405 LECTURE,GLEN 222 LAB,CHEE 510 LECTURE,GEME 630 TUTORIAL
1100-1150,CHEE 515 Tutorial,,,ENER 411 TUTORIAL,ENVS 403 LECTURE
1200-1250,MINE 514 TUTORIAL,EMTH 201 TUTORIAL GROUP J,MECE 312 LECTURE,MATH 101 TUT BIOLOGY,
1300-1350,CHEM 309 LECTURE,CHEE 411 Tutorial,,BIOL 101 TUTORIAL COMPUTER SC,
1400-1450,,CHEM 407 LECTURE,MINE 411 TUTORIAL,MATH 101 TUT EARTH & ENVIRONMENTAL,PHYS 305 TUT
1500-1550,CHEM 302 Lecture,ENVS 6101 LECTURE,STAT 301 LECTURE,GEME 201 TUTORIAL,
1600-1650,INFS 312 LECTURE,"GEME 313 LECTURE CIVIL,BIOL,COMP SC,ENV SC,FORE",GLEN 417 LECTURE,INFS 361 LECTURE,MCTE 511 LECTURE
1700-1750,,,,,
1800-1850,,,,,
1900-1950,,,,,
BIUST - 122/003-004,,,,,
2024/2025 Semester 1 Final Teaching Timetable,,,,,
,Monday,Tuesday,Wednesday,Thursday,Friday
0800-0850,EEEN 412 LECTURE,CHEM 303 LECTURE,INME 411 LECTURE,MINE 514 LECTURE,MINS 411 LECTURE
0900-0950,,FRSC 301 LECTURE,,,
1000-1050,CHEE 210 LECTURE,ENVS 301 LECTURE,GEME 416 TUTORIAL,GEOL 405 LECTURE,EEEN 511 LECTURE
1100-1150,,,STAT 601 LECTURE,,
1200-1250,STAT 301 LECTURE,ALSS 201 Tutorial Group A,ALSS 101 Lecture Group J,CHEE 414 Tutorial,GEOL 307 LECTURE
1300-1350,MATH 202 TUTORIAL STAT & MATHS,FRSC 401 LECTURE,CIVE 311 LECTURE,ENVS 303 TUTORIAL,
1400-1450,CTEN 512 TUTORIAL,CIVE 411 TUTORIAL,,MATH 302 Lecture,GEME 630 LECTURE
1500-1550,MATH 622 Lecture,STAT 301 LECTURE,PHYS 404 LECTURE,,
1600-1650,BIOL 101 TUTORIAL FORENSIC,EEEN 512/ENER 415 LECTURE,ENVS 6102 Lecture,CHEM 306 LECTURE,BIOL 101 TUTORIAL BIOLOGY
1700-1750,CHEM 307 LECTURE,,MATH 101 TUT ENVIRONMENTAL SC,,EEEN 414 TUTORIAL
1800-1850,,,,,
1900-1950,,,,,
BIUST - 122/005-006,,,,,
2024/2025 Semester 1 Final Teaching Timetable,,,,,
,Monday,Tuesday,Wednesday,Thursday,Friday
0800-0850,MMEE 210 TUT CHEMICAL,STAT 601 LECTURE,BIOL 204 LECTURE,"GEME 414 LECTURE COMP SC,ENV SC,FORE,GEOL,INFO",CHEE 512 LECTURE
0900-0950,MMEE 210 TUT MATERIALS,,,,
1000-1050,"GEME 411 TUTORIAL ELECTRICAL,GEOLOGICAL,MECHATRONICS",MINE 415 TUTORIAL,CHEM 407 LECTURE,CHEE 413 LECTURE,MATH 202 LECTURE
1100-1150,ALSS 201 Lecture Group K,MMEE 413 LECTURE,BIOL 304 LECTURE,,STAT 414 TUT
1200-1250,ENVS 401 LECTURE,,,INFS 441 LAB,MMEE 515 LECTURE
1300-1350,,CHEM 203 LECTURE,ALSS 101 Lecture Group K,CHCL 106 LECTURE,CHEE 415 Tutorial
1400-1450,ALSS 201 Tutorial Group I,,TELE 511 LECTURE,,EMTH 201 TUTORIAL GROUP H
1500-1550,STAT 621 LECTURE,GLEN 514 TUTORIAL,,MATH 101 TUT COMP & TELE,MATH 101 TUT INFORMATION SYS
1600-1650,,CHEE 312 Tutorial,CIVE 312 TUTORIAL,EEEN 519 LECTURE,ALSS 101 Tutorial Group I
1700-1750,CHEE 517 Tutorial,CHEM 101 TUTORIAL GROUP H,ENER 511 Lecture,,CHEE 510 TUTORIAL
1800-1850,,,,,
1900-1950,,,,,
BIUST - 124/001-002,,,,,
2024/2025 Semester 1 Final Teaching Timetable,,,,,
,Monday,Tuesday,Wednesday,Thursday,Friday
0800-0850,CHEM 203 TUTORIAL BIOLOGY,ALSS 101 Tutorial Group H,MECE 313 LECTURE,ALSS 201 Lecture Group H,MINE 512 LECTURE
0900-0950,CIVE 315 TUTORIAL,,,MATH 201 LECTURE,
1000-1050,CHEM 403 Lecture,"GEME 411 TUTORIAL CHEM ENG,CIVIL,COMP&T,MECHANICAL",MEIE 510 LECTURE,CIVE 412 TUTORIAL,
1100-1150,ENVS 303 TUTORIAL,MATH 409 Lecture,,GEOL 613 LECTURE,MECE 412 LECTURE
1200-1250,EEEN 512/ENER 415 TUTORIAL,ENVS 405 LECTURE,,PHYS 201 LECTURE,
1300-1350,FRSC 401 LECTURE,,MATH 101 TUT ELECTRICAL,,ALSS 201 Lecture Group B
1400-1450,CMME 511 Tutorial,MINE 515 LECTURE,PHYS 305 LECTURE,CHEM 101 TUTORIAL GROUP B,GEME 201 LECTURE
1500-1550,CHEE 517 LECTURE,,,CHEM 405 LECTURE,
1600-1650,,STAT 202 Lecture,STAT 202 LECTURE,ALSS 301 LECTURE GROUP 1,CHEM 407 LECTURE
1700-1750,CIVE 314 TUTORIAL,GEOL 401 LECTURE,,ENVS 201 TUTORIAL,ALSS 301 LECTURE GROUP 2
1800-1850,,,,,
1900-1950,,,,,
BIUST - 124/003-004,,,,,
2024/2025 Semester 1 Final Teaching Timetable,,,,,
,Monday,Tuesday,Wednesday,Thursday,Friday
0800-0850,GEOL 201 TUTORIAL ENGINEERING GROUPS,MINE 413 LECTURE,"GEME 411 LECTURE ELECTRICAL,GEOLOGICAL,MECHATRONICS",CHEM 203 TUTORIAL FORENSIC,STAT 309 LECTURE
0900-0950,CHEM 306 Lecture,,,GEOL 611 LECTURE,MATH 614 LECTURE
1000-1050,MECE 312 Tutorial MECHANICAL,PHYS 202 Lecture,EEEN 411 LECTURE,GEOL 615 Lecture,
1100-1150,MINS 411 TUTORIAL,INME 412 LECTURE,,ENVS 6103 LECTURE,CPEN 522 LECTURE
1200-1250,CHCL 105 LECTURE,,COMP 451 LECTURE,,
1300-1350,,BIOL 402 LECTURE,,GLEN 416 Tutorial,COMP 412 LECTURE
1400-1450,GLEN 417 TUTORIAL,,MINE 514 TUTORIAL,,
1500-1550,,CHEM 307 Tutorial,CHEE 512 Tutorial,,STAT 611 TUT
1600-1650,,CIVE 414 LECTURE,INFS 411 LECTURE,MINS 412 LECTURE,CIVE 411 LECTURE
1700-1750,,,,,
1800-1850,,,,,
1900-1950,,,,,
BIUST - 124/005-006,,,,,
2024/2025 Semester 1 Final Teaching Timetable,,,,,
,Monday,Tuesday,Wednesday,Thursday,Friday
0800-0850,STAT 202 TUT STAT & MATH,ALSS 201 Tutorial Group B,CPEN 513 LECTURE,MMEE 313 LECTURE,MECE 311 LECTURE
0900-0950,MATH 307 LECTURE,ALSS 201 Tutorial Group G,,,
1000-1050,COMP 311 LECTURE,ENER 511 LECTURE,GEOL 305 TUTORIAL,,MINE 523 TUTORIAL
1100-1150,,,ENVS 305 LECTURE,CHEE 310 LECTURE,MINE 411 LECTURE
1200-1250,ENVS 303 LECTURE,CHEE 516 Tutorial,,,
1300-1350,,GEOL 613 LECTURE,ENVS 307 TUTORIAL,CHEM 307 LECTURE,MINE 414 TUTORIAL
1400-1450,EEEN 517 LECTURE,COMP 332 LECTURE,,GEOL 207 LECTURE,MATH 207 TUTORIAL
1500-1550,,,MATH 101 TUT MINING,,CHEM 302 LECTURE
1600-1650,MATH 101 TUT PHYSICS,EMTH 201 TUTORIAL GROUP I,STAT 611 LECTURE,CHEE 515 LECTURE,
1700-1750,MATH 101 TUT INDUSTRIAL,ENER 412 Lecture,MATH 412 TUTORIAL,,CHEM 303 LECTURE
1800-1850,,,,,
1900-1950,,,,,
BIUST - 125/001-002,,,,,
2024/2025 Semester 1 Final Teaching Timetable,,,,,
,Monday,Tuesday,Wednesday,Thursday,Friday
0800-0850,ALSS 201 Tutorial Group D,CHEE 411 LECTURE,EEEN 516 LECTURE,CHEE 413 Tutorial,"GEME 411 LECTURE IND, MATERIALS, MINING"
0900-0950,ALSS 201 Lecture Group A,,,GLEN 313 TUTORIAL,
1000-1050,MATH 207 Lecture,MMEE 210 TUT ELEC,ENVS 6101 LECTURE,CHEE 210 Tutorial,CHEE 510 LECTURE
1100-1150,MINE 416 TUTORIAL,MCTE 521 LECTURE,ENVS 401 TUTORIAL,MECE 211 TUTORIAL GROUP H,CHEE 415 Lecture
1200-1250,MMEE 410 LECTURE,,INME 313 LECTURE,MATH 622 TUT,COMP 311 LECTURE
1300-1350,MATH 401 LECTURE,ALSS 301 TUTORIAL GROUP 4,,ALSS 101 Tutorial Group D,
1400-1450,MMEE 513 LECTURE,CIVE 517 LECTURE,GEOL 303 LECTURE,GLEN 222 LECTURE,CHEM 101 TUTORIAL GROUP G
1500-1550,,,,,EEEN 311 LECTURE
1600-1650,INME 414 LECTURE,GLEN 514 LECTURE,CHEE 514 Tutorial,CIVE 514 LECTURE,
1700-1750,,,CHEE 510 LECTURE,,CHEM 101 TUTORIAL GROUP I
1800-1850,,,,,
1900-1950,,,,,
BIUST - 125/003-004,,,,,
2024/2025 Semester 1 Final Teaching Timetable,,,,,
,Monday,Tuesday,Wednesday,Thursday,Friday
0800-0850,GEOL 307 TUTORIAL SCIENCE GROUPS,STAT 421 & STAT 603 LECTURE,ALSS 301 TUTORIAL GROUP 1,COMP 342 LECTURE,
0900-0950,ENVS 301 TUTORIAL,,MATH 301 Lecture,,
1000-1050,MMEE 210 TUT IND,GLEN 313 LECTURE,STAT 304 TUT,EEEN 314 LECTURE,GEOL 621 TUT
1100-1150,PHYS 404 LECTURE,,MATH 307 TUTORIAL,,CHEM 203 Lecture
1200-1250,ALSS 201 Tutorial Group J,CHEM 402 LECTURE,CHEM 403 LECTURE,CHEM 309 Lecture,BIOL 101 TUTORIAL GEOLOGY
1300-1350,MATH 101 TUT MATERIALS,EEEN 314 TUTORIAL,,MATH 202 TUTORIAL PHYS & PA CHEM,GEME 415 TUTORIAL
1400-1450,ENVS 309 TUTORIAL,CHEE 414 LECTURE,INME 311 LECTURE,CHEM 101 TUTORIAL GROUP A,
1500-1550,CHEM 205 TUTORIAL PA CHEM & FORE,,,PHYS 301 TUT,ALSS 301 LECTURE GROUP 3
1600-1650,EEEN 313 LECTURE,EEEN 313 TUTORIAL,MINE 513 LECTURE,MATH 207 LECTURE,BIOL 303 LECTURE
1700-1750,,ALSS 201 Tutorial Group C,,,
1800-1850,CHCL 101 LECTURE,,CHCL 101 LECTURE,,
1900-1950,,,,,
BIUST - 125/005-006,,,,,
2024/2025 Semester 1 Final Teaching Timetable,,,,,
,Monday,Tuesday,Wednesday,Thursday,Friday
0800-0850,COMP 361 LECTURE,,MMEE 522 TUT,BIOL 203 LECTURE,TELE 522 LECTURE
0900-0950,,,MMEE 411 TUT,,
1000-1050,ALSS 101 Tutorial Group K,STAT 401 TUT,MMEE 415 LECTURE,MATH 301 TUTORIAL,GEOL 401 LECTURE
1100-1150,MMEE 210 TUT GEOLOGICAL,MINE 523 LECTURE,,ENVS 305 TUTORIAL,MATH 302 TUTORIAL
1200-1250,MCTE 511 TUTORIAL,,COMP 331 LECTURE,ALSS 101 Lecture Group C,MATH 301 LECTURE
1300-1350,MINE 413 TUTORIAL,GLEN 311 LECTURE,,MATH 101 TUT STATISTICS,
1400-1450,CIVE 415 LECTURE,,"GEME 414 TUTORIAL PHYS,PA CHEM,PA MATHS,STAT,EARTH,BIOL",ENVS 201 LECTURE,BIOL 314 LECTURE
1500-1550,,MINE 415 LECTURE,MATH 202 LECTURE,,
1600-1650,STAT 309 LECTURE,,ENVS 405 TUTORIAL,MECE 412 TUTORIAL,STAT 611 LECTURE
1700-1750,CHEM 101 TUTORIAL GROUP E,MECE 211 TUTORIAL GROUP I,MMEE 313 TUT,MMEE 410 TUT,
1800-1850,CHCL 101 LECTURE,CHCL 102 LECTURE,CHCL 101 LECTURE,CHCL 102 LECTURE,
1900-1950,,,,,
BIUST -,,,,,
2024/2025 Semester 1 Final Teaching Timetable,,,,,
,Monday,Tuesday,Wednesday,Thursday,Friday
0800-0850,,,,,
0900-0950,,,,,
1000-1050,,,,,
1100-1150,,,,,
1200-1250,,,,,
1300-1350,,,,,
1400-1450,,,,,
1500-1550,,,,,
1600-1650,,,,,
1700-1750,,,,,
1800-1850,,,,,
1900-1950,,,,,
BIUST - 119/003,,,,,
2024/2025 Semester 1 Final Teaching Timetable,,,,,
,Monday,Tuesday,Wednesday,Thursday,Friday
0800-0850,CHEM 203 Tutorial PA CHEMISTRY,MMEE 515 LECTURE,CIVE 517 WORKSHOP,TELE 513 LECTURE,GLEN 418 TUTORIAL
0900-0950,,CHEM 409 Lecture,,,INFS 451 LECTURE
1000-1050,ENVS 6101 LECTURE,INME 311 TUTORIAL,CIVE 311 Tutorial,GEOL 207 TUTORIAL,
1100-1150,,COMP 353 LECTURE,MECE 211 TUTORIAL GROUP G,STAT 621 TUT,GEME 512 LECTURE
1200-1250,FRSC 403 LECTURE,,INME 413 LECTURE,BIOL 101 TUTORIAL ENVIRONMENTAL SC,
1300-1350,CHEM 101 TUTORIAL GROUP D,ALSS 201 Tutorial Group E,,MATH 409 LECTURE,MATH 401 LECTURE
1400-1450,GEME 415 LECTURE,CHEM 101 TUTORIAL GROUP F,MATH 101 TUT CIVIL,,MATH 601 LECTURE
1500-1550,,CIVE 416 TUTORIAL,ENER 412 LECTURE,,
1600-1650,MATH 411 TUTORIAL,MINE 511 LECTURE,,INFS 441 LECTURE,ALSS 101 Tutorial Group B
1700-1750,CIVE 414 TUTORIAL,,FRSC 301 LECTURE,,
1800-1850,,,,CHCL 104 LECTURE,
1900-1950,,,,,
BIUST - 119/004,,,,,
2024/2025 Semester 1 Final Teaching Timetable,,,,,
,Monday,Tuesday,Wednesday,Thursday,Friday
0800-0850,BIOL 101 TUTORIAL PHYSICS,GEOL 301 TUTORIAL,GEOL 305 LECTURE,CHEE 514 LECTURE,
0900-0950,,,,,STAT 421 & STAT 603 Lecture
1000-1050,ALSS 101 Lecture Group A,STAT 611 LECTURE,MATH 614 Lecture,MECE 211 TUTORIAL GROUP K,
1100-1150,CHCL 103 LECTURE,ALSS 201 Tutorial Group K,CHEM 303 Tutorial,MMEE 210 TUT CIVIL,INME 515 LECTURE
1200-1250,,EEEN 413 LECTURE,CHEE 415 LECTURE,,
1300-1350,BIOL 101 TUTORIAL PA MATHEMATICS,,,MATH 629 TUT,CHEM 409 LECTURE
1400-1450,GEOL 403 LECTURE,EEEN 412 TUTORIAL,MMEE 210 TUT MECHATRONICS,CHEM 303 LECTURE,
1500-1550,,MATH 101 TUT GEOLOGICAL,MMEE 210 TUT MECHANICAL,INME 314 LECTURE,
1600-1650,GEOL 625 LECTURE,CHEE 516 LECTURE,ENVS 307 LECTURE,,BIOL 203 Tutorial
1700-1750,,,,ALSS 101 Lecture Group I,
1800-1850,,,,,
1900-1950,,,,,
BIUST - 119/008,,,,,
2024/2025 Semester 1 Final Teaching Timetable,,,,,
,Monday,Tuesday,Wednesday,Thursday,Friday
0800-0850,INME 512 LECTURE,ENER 411 LECTURE,,MATH 405 LECTURE,PHYS 202 LECTURE
0900-0950,,,ENVS 309 LECTURE,ALSS 201 Lecture Group I,
1000-1050,GEOL 303 TUTORIAL,GEOL 601 LECTURE,,MECE 313 TUTORIAL,MECE 511 TUTORIAL
1100-1150,CHEM 402 LECTURE,GEOL 615 LECTURE,INFS 312 TUTORIAL,,MATH 405 LECTURE
1200-1250,CHCL 107 LECTURE,,CTEN 415 LECTURE,,PHYS 404 LECTURE
1300-1350,,,,ALSS 201 Lecture Group J,ENER 513 LECTURE
1400-1450,CHEM 405 LECTURE,EEEN 510 LECTURE,"GEME 414 TUTORIAL COMP SC,ENV SC,FORE,GEOL,INFO",MATH 202 LECTURE,
1500-1550,MECE 211 TUTORIAL GROUP J,,MATH 624 LECTURE,MECE 311 TUTORIAL MECHANICAL & MECHATRONICS,INFS 451 TUTORIAL
1600-1650,,ENVS 401 TUTORIAL,,MINE 416 LECTURE,STAT 309 TUT
1700-1750,CHEM 205 TUTORIAL GEOLOGY & EARTH,MATH 101 TUT PA CHEM,GEOL 611 TUT,,
1800-1850,,,,,
1900-1950,,,,,
BIUST - 115/002,,,,,
2024/2025 Semester 1 Final Teaching Timetable,,,,,
,Monday,Tuesday,Wednesday,Thursday,Friday
0800-0850,COMP 101 LAB GROUP EARTH,GLEN 416 LAB,COMP 342 LAB,,COMP 311 LAB
0900-0950,,,,,
1000-1050,,,,,
1100-1150,COMP 412 LAB,,,COMP 331 LAB,COMP 101 LAB GROUP COMP SC
1200-1250,,COMP 302 LAB,,,
1300-1350,COMP 332 LAB,,,,
1400-1450,,,,,COMP 101 LAB GROUP MECHANICAL
1500-1550,,COMP 101 LAB GROUP CHEMICAL & MATERIALS,,COMP 211 LAB GROUP H,
1600-1650,,,,,
1700-1750,,,,,
1800-1850,,,,,
1900-1950,,,,,
BIUST - 115/003 STATISTICS COMPUTER LAB,,,,,
2024/2025 Semester 1 Final Teaching Timetable,,,,,
,Monday,Tuesday,Wednesday,Thursday,Friday
0800-0850,STAT 401 Lecture,MATH 622 LECTURE,STAT 414 LECTURE,STAT 303 LECTURE,STAT 303 LAB
0900-0950,STAT 416 LECTURE,,,,
1000-1050,,MATH 629 LECTURE,,MATH 629 LECTURE,
1100-1150,MATH 629 LECTURE,,,STAT 401 LECTURE,
1200-1250,,STAT 612 TUT,STAT 416 TUT,,STAT 612 LAB
1300-1350,MATH 615 LECTURE,MATH 615 LECTURE,,STAT 615 LECTURE,
1400-1450,,STAT 416 Lecture,,,
1500-1550,,STAT 401 LECTURE,,STAT 612 LECTURE,
1600-1650,,,,,MATH 615 TUT
1700-1750,,,MATH 615 LECTURE,,
1800-1850,,,,,
1900-1950,,,,,
BIUST - 115/001,,,,,
2024/2025 Semester 1 Final Teaching Timetable,,,,,
,Monday,Tuesday,Wednesday,Thursday,Friday
0800-0850,COMP 101 LAB GROUP GEOLOGY,INFS 312 LAB,COMP 211 LAB GROUP E & PHYSICS,,
0900-0950,,,,,
1000-1050,,,,,
1100-1150,,INFS 411 LAB,,,
1200-1250,COMP 101 LAB GROUP COMP &TELE,,COMP 101 LAB GROUP GEOLOGICAL,COMP 221 LECTURE,
1300-1350,,,,,
1400-1450,,,,,
1500-1550,COMP 441 LAB,COMP 101 LAB GROUP MINING,COMP 311 LAB,COMP 353 LAB,INFS 361 LAB
1600-1650,,,,,
1700-1750,,,,,
1800-1850,,,,,
1900-1950,,,,,
BIUST - 3D LAB,,,,,
2024/2025 Semester 1 Final Teaching Timetable,,,,,
,Monday,Tuesday,Wednesday,Thursday,Friday
0800-0850,CPEN 513 LAB,,MINE 411 LAB,EEEN 411 LAB ELECTRICAL & MECHANICAL,
0900-0950,,MCTE 511 LAB,,,
1000-1050,CETG 111 LAB GROUP GEOLOGICAL & MINING,,,,CETG 111 LAB GROUP INDUSTRIAL & MECHANICAL
1100-1150,,EEEN 514 LAB,,CETG 111 LAB GROUP COMPUTER & TELE,
1200-1250,,,,,
1300-1350,,,EEEN 512/ENER 415 LAB,,CETG 111 LAB GROUP ELECTRICAL
1400-1450,,,,,
1500-1550,CETG 111 LAB GROUP MECHATRONICS,CETG 111 LAB GROUP CIVIL,CETG 111 LAB GROUP CHEMICAL & MATERIALS,COMP 211 LAB GROUP I,
1600-1650,,,,,EEEN 411 TUTORIAL
1700-1750,,,,,
1800-1850,,,,,
1900-1950,,,,,
BIUST - BIOLOGY COMPUTER LAB,,,,,
2024/2025 Semester 1 Final Teaching Timetable,,,,,
,Monday,Tuesday,Wednesday,Thursday,Friday
0800-0850,BIOL 601 LECTURE,BIOL 602 LECTURE,BIOL 406 LECTURE,COMP 231 LAB,BIOL 201 Tutorial
0900-0950,,,,,
1000-1050,,,,,
1100-1150,BIOL 403 LECTURE,,COMP 201 LAB,,
1200-1250,,BIOL 603 LECTURE,,BIOL 305 LECTURE,BIOL 401 LAB
1300-1350,BIOL 302 LECTURE,,,,
1400-1450,,COMP 221 LAB,,BIOL 401 LECTURE,
1500-1550,,,,BIOL 201 LECTURE,BIOL 401 LECTURE
1600-1650,,BIOL 202 LECTURE,,,
1700-1750,,,,,
1800-1850,,,,,
1900-1950,,,,,
BIUST - PHYSICS COMPUTER LAB,,,,,
2024/2025 Semester 1 Final Teaching Timetable,,,,,
,Monday,Tuesday,Wednesday,Thursday,Friday
0800-0850,PHYS 311 LAB,COMP 211 LAB GROUP J,COMP 101 LAB GROUP MATHS & STATS,,MCTE 521 LAB
0900-0950,,,,,
1000-1050,,,,,
1100-1150,,,,,
1200-1250,,COMP 101 LAB GROUP FORENSIC,,CPEN 522 LAB,COMP 101 LAB GROUP BIOLOGY 2
1300-1350,,,,,
1400-1450,,,,,
1500-1550,,MINS 412 LAB,,,COMP 361 LAB
1600-1650,,,,,
1700-1750,,,,,
1800-1850,,,,,
1900-1950,,,,,
BIUST - ENVIRONMENTAL SCIENCES COMPUTER LAB,,,,,
2024/2025 Semester 1 Final Teaching Timetable,,,,,
,Monday,Tuesday,Wednesday,Thursday,Friday
0800-0850,COMP 451 LAB,COMP 211 LAB GROUP K,COMP 101 LAB GROUP PA CHEM,,
0900-0950,,,,,COMP 101 LAB GROUP INFO
1000-1050,,,,COMP 101 LAB GROUP MECHATRONICS,
1100-1150,ENVS 6101 LAB,COMP 101 LAB GROUP ENVIRONMENTAL SCIENCE & PHYSICS,,,
1200-1250,,,ENVS 6103 LAB,,COMP 101 LAB GROUP BIOLOGY 1
1300-1350,,,,,
1400-1450,COMP 101 LAB GROUP INDUSTRIAL,,,,
1500-1550,,COMP 101 LAB GROUP ELECTRICAL,COMP 101 LAB GROUP CIVIL,COMP 211 LAB GROUP G,GEOL 401 LAB
1600-1650,,,,,
1700-1750,,,,,
1800-1850,,,,,
1900-1950,,,,,
BIUST - PHYSICS YEAR 2 LAB,,,,,
2024/2025 Semester 1 Final Teaching Timetable,,,,,
,Monday,Tuesday,Wednesday,Thursday,Friday
0800-0850,,,,PHYS 202 LAB,
0900-0950,,,,,
1000-1050,,,,,
1100-1150,PHYS 201 LAB,,,,
1200-1250,,,,,
1300-1350,,,,,
1400-1450,,,,,
1500-1550,,,,,
1600-1650,,,,,
1700-1750,,,,,
1800-1850,,,,,
1900-1950,,,,,
BIUST - STATICS AND DYNAMICS LAB,,,,,
2024/2025 Semester 1 Final Teaching Timetable,,,,,
,Monday,Tuesday,Wednesday,Thursday,Friday
0800-0850,,MECE 211 LAB GROUP H,MECE 211 LAB GROUP I,,
0900-0950,,,,,
1000-1050,,,,,
1100-1150,,MECE 211 LAB GROUP G,,,
1200-1250,,,MECE 211 LAB GROUP K,,
1300-1350,,,,,
1400-1450,,,,,
1500-1550,,,,MECE 211 LAB GROUP J,
1600-1650,,,,,
1700-1750,,,,,
1800-1850,,,,,
1900-1950,,,,,
BIUST - PHYSICS LAB 6,,,,,
2024/2025 Semester 1 Final Teaching Timetable,,,,,
,Monday,Tuesday,Wednesday,Thursday,Friday
0800-0850,,,,,
0900-0950,,,,,
1000-1050,,,,,
1100-1150,,,,,
1200-1250,,,,,
1300-1350,,,,,
1400-1450,,,,,
1500-1550,,,,,
1600-1650,,,,,
1700-1750,,,,,
1800-1850,,,,,
1900-1950,,,,,
BIUST - 107/016,,,,,
2024/2025 Semester 1 Final Teaching Timetable,,,,,
,Monday,Tuesday,Wednesday,Thursday,Friday
0800-0850,MMEE 210 LAB MECHANICAL & MECHATRONICS,INME 515 LAB,MMEE 210 LAB MINING & GEOLOGICAL,INME 511 LAB INDUSTRIAL,INME 512 LAB INDUSTRIAL
0900-0950,,,,,
1000-1050,,,,,
1100-1150,INME 313 LAB,INME 314 LAB,,,
1200-1250,,,MMEE 210 LAB ELECTRICAL & IND,MECE 511 LAB,MMEE 210 LAB MATERIALS & CHEMICAL
1300-1350,,,,,
1400-1450,,INME 512 LAB MECHATRONICS,,,
1500-1550,INME 511 LAB MECHANICAL,,INME 414 LAB,MMEE 210 LAB CIVIL & COMP,MMEE 513 LAB
1600-1650,,,,,
1700-1750,,,,,
1800-1850,,,,,
1900-1950,,,,,
BIUST - 107/013,,,,,
2024/2025 Semester 1 Final Teaching Timetable,,,,,
,Monday,Tuesday,Wednesday,Thursday,Friday
0800-0850,,,,INME 413 LAB,
0900-0950,INME 411 LAB,,,,
1000-1050,,,,,
1100-1150,,,,,
1200-1250,,,,,
1300-1350,,,,,
1400-1450,,INME 412 LAB,,,
1500-1550,,,,,
1600-1650,,,,,
1700-1750,,,,,
1800-1850,,,,,
1900-1950,,,,,
BIUST - B5/G14 (MICROBIOLOGY LAB),,,,,
2024/2025 Semester 1 Final Teaching Timetable,,,,,
,Monday,Tuesday,Wednesday,Thursday,Friday
0800-0850,,,BIOL 202 LAB PA CHEM & FORENSIC,,
0900-0950,,BIOL 302 LAB,,,
1000-1050,,,,BIOL 406 LAB,
1100-1150,,,,,
1200-1250,,,,,BIOL 202 LAB BIOLOGY
1300-1350,,,,,
1400-1450,,,,,
1500-1550,,,BIOL 405 LAB,,
1600-1650,,,,,
1700-1750,,,,,
1800-1850,,,,,
1900-1950,,,,,
BIUST - B5/G01,,,,,
2024/2025 Semester 1 Final Teaching Timetable,,,,,
,Monday,Tuesday,Wednesday,Thursday,Friday
0800-0850,,,,,
0900-0950,,,,,BIOL 303 LAB
1000-1050,,,,,
1100-1150,,,,,
1200-1250,,,,,
1300-1350,,,,,
1400-1450,,,,,
1500-1550,BIOL 403 LAB,,BIOL 203 LAB,,
1600-1650,,,,,
1700-1750,,,,,
1800-1850,,,,,
1900-1950,,,,,
BIUST - 107/009,,,,,
2024/2025 Semester 1 Final Teaching Timetable,,,,,
,Monday,Tuesday,Wednesday,Thursday,Friday
0800-0850,,,,,
0900-0950,,,,,
1000-1050,,MINS 311 LAB MECHANICAL & MECHATRONICS,,,MINS 311 LAB ELECTRICAL & TELE
1100-1150,,,,,
1200-1250,,,,,
1300-1350,,,MINS 411 LAB,,
1400-1450,,,,,
1500-1550,,,,,
1600-1650,,,,,
1700-1750,,,,,
1800-1850,,,,,
1900-1950,,,,,
BIUST - 107/008,,,,,
2024/2025 Semester 1 Final Teaching Timetable,,,,,
,Monday,Tuesday,Wednesday,Thursday,Friday
0800-0850,EEEN 311 LAB ELECTRICAL,,EEEN 211 LAB GROUP H,,
0900-0950,,,,,
1000-1050,,,,,
1100-1150,,,,,
1200-1250,,,EEEN 211 LAB GROUP J,,
1300-1350,,,,,EEEN 211 LAB GROUP I
1400-1450,,,,,
1500-1550,,,EEEN 311 MECHANICAL & COMP & TELE,,
1600-1650,,,,,
1700-1750,,,,,
1800-1850,,,,,
1900-1950,,,,,
BIUST - 107/ 018,,,,,
2024/2025 Semester 1 Final Teaching Timetable,,,,,
,Monday,Tuesday,Wednesday,Thursday,Friday
0800-0850,,,,,
0900-0950,,,,,
1000-1050,,,,,
1100-1150,,TELE 522 LAB,,,
1200-1250,,,,,
1300-1350,,,,,
1400-1450,,,,,TELE 511 LAB
1500-1550,TELE 513 LAB,,,,
1600-1650,,,,,
1700-1750,,,,,
1800-1850,,,,,
1900-1950,,,,,
BIUST - 107/010,,,,,
2024/2025 Semester 1 Final Teaching Timetable,,,,,
,Monday,Tuesday,Wednesday,Thursday,Friday
0800-0850,,,,,
0900-0950,,,,,
1000-1050,,,,,MECE 311 LAB MECHANICAL & MECHATRONICS
1100-1150,,,,,
1200-1250,MECE 412 LAB,,MECE 311 LAB MINING & GEOLOGICAL,MECE 312 LAB CHEMICAL,
1300-1350,,,,,
1400-1450,,MECE 312 LAB MECHANICAL,,,
1500-1550,,,,,
1600-1650,,,,,
1700-1750,,,,,
1800-1850,,,,,
1900-1950,,,,,
BIUST - 107/017,,,,,
2024/2025 Semester 1 Final Teaching Timetable,,,,,
,Monday,Tuesday,Wednesday,Thursday,Friday
0800-0850,MINE 414 LAB,,MINE 515 LAB,MINE 415 LAB,
0900-0950,,,,,
1000-1050,,,,,
1100-1150,GLEN 514 LAB,,,,
1200-1250,,,MINE 523 LAB,MINE 416 LAB,
1300-1350,,,,,
1400-1450,,,,,
1500-1550,,,,MINE 511 LAB,GLEN 313 LAB
1600-1650,,,,,
1700-1750,,,,,
1800-1850,,,,,
1900-1950,,,,,
BIUST - 107/114,,,,,
2024/2025 Semester 1 Final Teaching Timetable,,,,,
,Monday,Tuesday,Wednesday,Thursday,Friday
0800-0850,,,,EEEN 411 LAB ELECTRICAL & MECHANICAL,EEEN 519 LAB
0900-0950,,,,,
1000-1050,,,,,
1100-1150,,EEEN 414 LAB MECHATRONICS,,,
1200-1250,EEEN 411 LAB MECHATRONICS & COMPUTER AND TELE,,,,
1300-1350,,,,CTEN 512 LAB,
1400-1450,,,,,
1500-1550,,,,,
1600-1650,,,,,
1700-1750,,,,,
1800-1850,,,,,
1900-1950,,,,,
BIUST - 107/019,,,,,
2024/2025 Semester 1 Final Teaching Timetable,,,,,
,Monday,Tuesday,Wednesday,Thursday,Friday
0800-0850,MINE 513 LAB,,,,
0900-0950,,,,,
1000-1050,,,,,
1100-1150,MECE 313 LAB,,,MINE 512 LAB,
1200-1250,,,,,
1300-1350,,,,,
1400-1450,,,,,MINE 514 LAB
1500-1550,,,MINE 413 LAB,,
1600-1650,,,,,
1700-1750,,,,,
1800-1850,,,,,
1900-1950,,,,,
BIUST - 102/019,,,,,
2024/2025 Semester 1 Final Teaching Timetable,,,,,
,Monday,Tuesday,Wednesday,Thursday,Friday
0800-0850,,,,,
0900-0950,,,,BIOL 304 LAB,BIOL 402 LAB
1000-1050,,,,,
1100-1150,,,,,
1200-1250,,,,,
1300-1350,,,,,
1400-1450,,,,,
1500-1550,BIOL 204 LAB,,,,
1600-1650,,,,,
1700-1750,,,,,
1800-1850,,,,,
1900-1950,,,,,
BIUST - SOIL SCIENCE SEDIMENTOLOGY LAB,,,,,
2024/2025 Semester 1 Final Teaching Timetable,,,,,
,Monday,Tuesday,Wednesday,Thursday,Friday
0800-0850,ENVS 403 LAB,ENVS 401 LAB,GEOL 201 LAB SCIENCE GROUP,ENVS 6104 LAB,ENVS 301 LAB
0900-0950,,,,,
1000-1050,,,,,
1100-1150,,,,GEOL 201 LAB ENGINEERING GROUP,
1200-1250,GEOL 201 LAB ENGINEERING GROUP,,,,
1300-1350,,GEOL 307 LAB SCIENCE GROUPS,GEOL 307 LAB YEAR 4 GEOLOGICAL,,
1400-1450,,,,,
1500-1550,ENVS 407 LAB,,,,GEOL 201 LAB SCIENCE GROUP
1600-1650,,,,,
1700-1750,,,,,
1800-1850,,,,,
1900-1950,,,,,
BIUST - PETROLOGY/MINERALOGY LAB,,,,,
2024/2025 Semester 1 Final Teaching Timetable,,,,,
,Monday,Tuesday,Wednesday,Thursday,Friday
0800-0850,GEOL 403 LAB,,,,GEOL 301 LAB
0900-0950,,,,GLEN 418 LAB,
1000-1050,,,,,
1100-1150,GEOL 207 LAB,,,GLEN 311 LAB,
1200-1250,,,,,
1300-1350,,,,,
1400-1450,,,,,
1500-1550,,,,,
1600-1650,,,,,
1700-1750,,,,,
1800-1850,,,,,
1900-1950,,,,,
BIUST - GENERAL ENVIRONMENTAL SCIENCE LAB,,,,,
2024/2025 Semester 1 Final Teaching Timetable,,,,,
,Monday,Tuesday,Wednesday,Thursday,Friday
0800-0850,GEOL 405 LAB Y5 GEOLOGICAL,GEOL 621 LAB,,GEOL 303 LAB,
0900-0950,,,,,
1000-1050,,,,,
1100-1150,,,GEOL 611 LAB,ENVS 405 LAB,
1200-1250,,GEOL 405 LAB Y4 EARTH & GEOLOGY,,,
1300-1350,GEOL 601 LAB,,,,GEOL 615 LAB
1400-1450,,,GEOL 623 LAB,,
1500-1550,GEOL 305 LAB,GEOL 625 LAB,,GEOL 613 LAB,ENVS 6102 LAB
1600-1650,,,,,
1700-1750,,,,,
1800-1850,,,,,
1900-1950,,,,,
BIUST - GIS AND REMOTE SENSING LAB,,,,,
2024/2025 Semester 1 Final Teaching Timetable,,,,,
,Monday,Tuesday,Wednesday,Thursday,Friday
0800-0850,,,,,
0900-0950,,,,,
1000-1050,,,,,
1100-1150,,,,,
1200-1250,,,,,
1300-1350,,,,,
1400-1450,,,,,
1500-1550,,,,ENVS 305 LAB,
1600-1650,,,,,
1700-1750,,,,,
1800-1850,,,,,
1900-1950,,,,,
BIUST - CHEMISTRY PREFAB 5/6,,,,,
2024/2025 Semester 1 Final Teaching Timetable,,,,,
,Monday,Tuesday,Wednesday,Thursday,Friday
0800-0850,CHEM 101 LAB GROUP INFORMATION SYSTEMS & COMPUTER SCIENCE,,CHEM 101 LAB GROUP EARTH & GEOLOGY,,CHEM 101 LAB GROUP MATHS & STATS
0900-0950,,,,,
1000-1050,,,,,
1100-1150,CHEM 101 LAB GROUP INDUSTRIAL,CHEM 101 LAB GROUP BIOLOGY,,CHEM 101 LAB GROUP MINING & GEOLOGICAL,CHEM 101 LAB GROUP FORENSIC & PA CHEM
1200-1250,,,,,
1300-1350,,,,,
1400-1450,,,,,
1500-1550,"CHEM 101 LAB GROUP CHEMICAL, MATERIALS",CHEM 101 LAB GROUP ENV SC & PHYSICS,CHEM 101 LAB GROUP ELECTRICAL & MECHATRONICS,CHEM 101 LAB GROUP MECHANICAL,CHEM 101 LAB GROUP CIVIL & COMP & TELE
1600-1650,,,,,
1700-1750,,,,,
1800-1850,,,,,
1900-1950,,,,,
BIUST - PHYSICS YEAR 1 LAB A,,,,,
2024/2025 Semester 1 Final Teaching Timetable,,,,,
,Monday,Tuesday,Wednesday,Thursday,Friday
0800-0850,PHYS 101 LAB GROUP FORENSICS & PA CHEM,,,,
0900-0950,,,,,PHYS 101 LAB GROUP PHYSICS & ENV SC
1000-1050,,PHYS 101 LAB GROUP STATS,,,
1100-1150,PHYS 101 LAB GROUP MECHATRONICS,,,,
1200-1250,,,,,COMP 101 LAB GROUP BIOLOGY 1
1300-1350,,PHYS 101 LAB GROUP EARTH,,,
1400-1450,,,,,
1500-1550,PHYS 101 LAB GROUP MINING & GEOLOGICAL,,PHYS 101 LAB GROUP COMP & TELE,PHYS 101 LAB GROUP CIVIL,
1600-1650,,,,,
1700-1750,,,,,
1800-1850,,,,,
1900-1950,,,,,
BIUST - PHYSICS YEAR 1 LAB B,,,,,
2024/2025 Semester 1 Final Teaching Timetable,,,,,
,Monday,Tuesday,Wednesday,Thursday,Friday
0800-0850,,,PHYS 101 LAB GROUP INFORMATION SYSTEMS & COMPUTER SCIENCE,,PHYS 101 LAB GROUP BIOLOGY
0900-0950,,,,,
1000-1050,,,,,
1100-1150,,PHYS 101 LAB GROUP GEOLOGY,,,
1200-1250,,,,,
1300-1350,,,,,"PHYS 101 LAB GROUP CHEMICAL, MATERIALS"
1400-1450,,PHYS 101 LAB GROUP MATHS,PHYS 101 LAB GROUP MECHANICAL,,
1500-1550,PHYS 101 LAB GROUP ELECTRICAL,,,PHYS 101 LAB GROUP INDUSTRIAL,
1600-1650,,,,,
1700-1750,,,,,
1800-1850,,,,,
1900-1950,,,,,
BIUST - PHYSICS YEAR 4 LAB,,,,,
2024/2025 Semester 1 Final Teaching Timetable,,,,,
,Monday,Tuesday,Wednesday,Thursday,Friday
0800-0850,PHYS 411 LECTURE,PHYS 411 LAB,PHYS 404 LAB,,
0900-0950,,,,,
1000-1050,,,,,
1100-1150,,,,,
1200-1250,,PHYS 403 LAB 2,,,
1300-1350,,,,,
1400-1450,,,,,
1500-1550,PHYS 403 LAB,,,,
1600-1650,,,,,
1700-1750,,,,,
1800-1850,,,,,
1900-1950,,,,,
BIUST - B5/G21,,,,,
2024/2025 Semester 1 Final Teaching Timetable,,,,,
,Monday,Tuesday,Wednesday,Thursday,Friday
0800-0850,,,BIOL 601 LAB,,
0900-0950,,,,,
1000-1050,,,,BIOL 201 LAB,
1100-1150,,,,,
1200-1250,,,,,
1300-1350,,BIOL 314 LAB,,BIOL 602 LAB,
1400-1450,,,BIOL 305 LAB,,
1500-1550,BIOL 313 LAB,,,,
1600-1650,,,,,
1700-1750,,,,,
1800-1850,,,,,
1900-1950,,,,,
BIUST - B5/G10,,,,,
2024/2025 Semester 1 Final Teaching Timetable,,,,,
,Monday,Tuesday,Wednesday,Thursday,Friday
0800-0850,BIOL 101 LAB GROUP E,,BIOL 101 LAB GROUP D,,BIOL 101 LAB GROUP B
0900-0950,,,,,
1000-1050,,BIOL 101 LAB GROUP F,,,
1100-1150,,,,BIOL 603 LAB,
1200-1250,,,,,
1300-1350,,,,,BIOL 101 LAB GROUP C
1400-1450,,,,,
1500-1550,,BIOL 101 LAB GROUP A,,,
1600-1650,,,,,
1700-1750,,,,,
1800-1850,,,,,
1900-1950,,,,,
BIUST - 107/020 ELECTRONICS PROJECT WORKSHOP,,,,,
2024/2025 Semester 1 Final Teaching Timetable,,,,,
,Monday,Tuesday,Wednesday,Thursday,Friday
0800-0850,,EEEN 313 LAB,EEEN 211 LAB GROUP K,,EEEN 413 LAB
0900-0950,,,,,
1000-1050,,,,CTEN 511/MINS 511 LAB,
1100-1150,,,EEEN 314 LAB,,
1200-1250,EEEN 412 LAB ELECTRICAL,,,,
1300-1350,,,,,EEEN 412 LAB MECHATRONICS
1400-1450,,,,,
1500-1550,,CTEN 415 LAB,,,
1600-1650,,,,,
1700-1750,,,,,
1800-1850,,,,,
1900-1950,,,,,
BIUST - 107/102,,,,,
2024/2025 Semester 1 Final Teaching Timetable,,,,,
,Monday,Tuesday,Wednesday,Thursday,Friday
0800-0850,,,,,
0900-0950,,,,,
1000-1050,,,,,
1100-1150,,,,,
1200-1250,,,,,
1300-1350,,,,ENER 411 LAB,
1400-1450,,,,,
1500-1550,,,,,
1600-1650,,,,,
1700-1750,,,,,
1800-1850,,,,,
1900-1950,,,,,
BIUST - 107/011 ELECTRICAL WORKSHOP,,,,,
2024/2025 Semester 1 Final Teaching Timetable,,,,,
,Monday,Tuesday,Wednesday,Thursday,Friday
0800-0850,,,,,
0900-0950,EEEN 511 LAB,,,,
1000-1050,,EEEN 221 LAB MECHATRONICS,,,
1100-1150,,,,,
1200-1250,,,,,
1300-1350,,,,,
1400-1450,EEEN 221 LAB YEAR 3 MINING,,EEEN 414 LAB COMP & TELE AND ELECTRICAL,,
1500-1550,,,,,
1600-1650,,,,,
1700-1750,,,,,
1800-1850,,,,,
1900-1950,,,,,
BIUST - CHEMISTRY PREFAB 3/4,,,,,
2024/2025 Semester 1 Final Teaching Timetable,,,,,
,Monday,Tuesday,Wednesday,Thursday,Friday
0800-0850,,,,CHEM 403 LAB,
0900-0950,,,,,
1000-1050,CHEM 307 LAB,,,,
1100-1150,,,CHEM 302 LAB FORENSIC,CHEM 402 LAB,CHEM 303 LAB
1200-1250,,,,,
1300-1350,,,,,
1400-1450,,CHEM 205 LAB GEOLOGY & EARTH,CHEM 302 LAB PA CHEM,,
1500-1550,,,,,CHEM 205 LAB PA CHEM & FORE
1600-1650,,,,,
1700-1750,,,,,
1800-1850,,,,,
1900-1950,,,,,
BIUST - MAIN CHEMISTRY LAB 22/24,,,,,
2024/2025 Semester 1 Final Teaching Timetable,,,,,
,Monday,Tuesday,Wednesday,Thursday,Friday
0800-0850,,CHEM 203 LAB BIOLOGY,CHEM 306 LAB,CHEM 309 LAB,CHEM 405 LAB
0900-0950,,,,,
1000-1050,,,,,
1100-1150,CHEM 203 LAB PA CHEMISTRY,,,,
1200-1250,,,CHEM 203 LAB FORENSIC,,
1300-1350,,,,,
1400-1450,,,,,
1500-1550,CHEM 407 LAB,CHEM 409 LAB,,,
1600-1650,,,,,
1700-1750,,,,,
1800-1850,,,,,
1900-1950,,,,,
BIUST - MAPROOM 1 (CIVIL),,,,,
2024/2025 Semester 1 Final Teaching Timetable,,,,,
,Monday,Tuesday,Wednesday,Thursday,Friday
0800-0850,,CIVE 312 LAB,,,
0900-0950,,,,,
1000-1050,,,,,
1100-1150,CIVE 411 LAB,CIVE 314 LAB,,,
1200-1250,,,,,
1300-1350,,,,,
1400-1450,,,,CIVE 315 LAB,
1500-1550,,,CIVE 416 LAB,,CIVE 311 LAB
1600-1650,,,,,
1700-1750,,,,,
1800-1850,,,,,
1900-1950,,,,,
BIUST - MAPROOM 2 (CIVIL),,,,,
2024/2025 Semester 1 Final Teaching Timetable,,,,,
,Monday,Tuesday,Wednesday,Thursday,Friday
0800-0850,,,,,
0900-0950,,,,,
1000-1050,,,,,
1100-1150,,,CIVE 414 LAB,,CIVE 415 LAB
1200-1250,,,,CIVE 412 LAB,
1300-1350,,,,,
1400-1450,,,,,
1500-1550,CIVE 514 LAB,,,,
1600-1650,,,,,
1700-1750,,,,,
1800-1850,,,,,
1900-1950,,,,,
BIUST - FORENSICS LAB,,,,,
2024/2025 Semester 1 Final Teaching Timetable,,,,,
,Monday,Tuesday,Wednesday,Thursday,Friday
0800-0850,FRSC 403 LAB,,,,FRSC 301 LAB
0900-0950,,,,,
1000-1050,,,FRSC 401 LAB,,
1100-1150,,,,,
1200-1250,,,,,
1300-1350,,,,,
1400-1450,,,,,
1500-1550,,,,,
1600-1650,,,,,
1700-1750,,,,,
1800-1850,,,,,
1900-1950,,,,,
BIUST - BLOCK 121/001,,,,,
2024/2025 Semester 1 Final Teaching Timetable,,,,,
,Monday,Tuesday,Wednesday,Thursday,Friday
0800-0850,,,CHEE 210 LAB,,
0900-0950,,,,,
1000-1050,,CHEE 311 LAB,,,
1100-1150,CHEE 312 LAB,,CHEE 515 LAB,,CHEE 516 LAB
1200-1250,,,,,
1300-1350,,,,,
1400-1450,,,,,CHEE 517 LAB
1500-1550,,,,,
1600-1650,,,,,
1700-1750,,,,,
1800-1850,,,,,
1900-1950,,,,,
BIUST - 121/002,,,,,
2024/2025 Semester 1 Final Teaching Timetable,,,,,
,Monday,Tuesday,Wednesday,Thursday,Friday
0800-0850,CHEE 510 LAB,,,,
0900-0950,,,,,
1000-1050,,,,,
1100-1150,,,CHEE 310 LAB,,
1200-1250,,,,,
1300-1350,,CHEE 514 LAB,,,
1400-1450,,,MMEE 310 LAB,,
1500-1550,,,,,
1600-1650,,,,,
1700-1750,,,,,
1800-1850,,,,,
1900-1950,,,,,
BIUST - 121/003,,,,,
2024/2025 Semester 1 Final Teaching Timetable,,,,,
,Monday,Tuesday,Wednesday,Thursday,Friday
0800-0850,,CHEE 512 LAB,CMME 511 LAB,,CHEE 412 LAB
0900-0950,,,,,
1000-1050,,,,,
1100-1150,,,,CMME 510 LAB,
1200-1250,CHEE 415 LAB,,MMEE 410 LAB,,
1300-1350,,,,,
1400-1450,,,,,
1500-1550,,MMEE 515 LAB,MMEE 415 LAB,,CHEE 414 LAB
1600-1650,,,,,
1700-1750,,,,,
1800-1850,,,,,
1900-1950,,,,,
BIUST - 121/004,,,,,
2024/2025 Semester 1 Final Teaching Timetable,,,,,
,Monday,Tuesday,Wednesday,Thursday,Friday
0800-0850,,,CHEE 411 LAB,MMEE 411 LAB,
0900-0950,,,,,MMEE 313 LAB
1000-1050,,,,,
1100-1150,,,,,
1200-1250,,,,,
1300-1350,,,,MMEE 522 LAB,
1400-1450,,,,,
1500-1550,MMEE 413 LAB,,CHEE 413 LAB,,
1600-1650,,,,,
1700-1750,,,,,
1800-1850,,,,,
1900-1950,,,,,
BIUST - ASTRONOMY LAB,,,,,
2024/2025 Semester 1 Final Teaching Timetable,,,,,
,Monday,Tuesday,Wednesday,Thursday,Friday
0800-0850,,,,PHYS 412 LAB,
0900-0950,,,,,
1000-1050,,,,,PHYS 412 LECTURE
1100-1150,,,,,
1200-1250,,,,PHYS 311 Lecture,
1300-1350,,,,,
1400-1450,,,,,
1500-1550,,PHYS 311 LECTURE,,,
1600-1650,,,PHYS 412 Lecture,,
1700-1750,,,,,
1800-1850,,,,,
1900-1950,,,,,
